product_id,brand,unit_weight_kg,unit_volume_m3,basis,verified_real_sku
ADAPT_FRESH_263,Fresh,11.242857142857144,0.0605714285714285,adaptive_observed_order_average,False
ADAPT_FRESH_264,Fresh,12.251219512195124,0.0553414634146341,adaptive_observed_order_average,False
ADAPT_FRESH_265,Fresh,6.530769230769232,0.0297692307692307,adaptive_observed_order_average,False
ADAPT_FRESH_266,Fresh,8.144444444444444,0.038,adaptive_observed_order_average,False
ADAPT_FRESH_267,Fresh,6.176923076923076,0.0401538461538461,adaptive_observed_order_average,False
ADAPT_FRESH_268,Fresh,7.38,0.0462,adaptive_observed_order_average,False
ADAPT_FRESH_269,Fresh,9.393333333333334,0.0408666666666666,adaptive_observed_order_average,False
ADAPT_FRESH_270,Fresh,9.878947368421052,0.0414210526315789,adaptive_observed_order_average,False
ADAPT_FRESH_271,Fresh,8.36470588235294,0.0534705882352941,adaptive_observed_order_average,False
C32_FRESH_001,Fresh,3.585135135135136,0.0240405405405405,observed_average_extreme,False
C32_FRESH_002,Fresh,3.76,0.023,observed_average_extreme,False
C32_FRESH_003,Fresh,4.179230769230769,0.0216692307692307,observed_average_extreme,False
C32_FRESH_004,Fresh,4.388888888888889,0.0216,observed_average_extreme,False
C32_FRESH_005,Fresh,4.397560975609756,0.0316341463414634,observed_average_extreme,False
C32_FRESH_006,Fresh,4.682895014388355,0.026560282633741,cluster_center,False
C32_FRESH_007,Fresh,5.068932038834952,0.0364563106796116,observed_average_extreme,False
C32_FRESH_008,Fresh,5.116083916083916,0.0229370629370629,observed_average_extreme,False
C32_FRESH_009,Fresh,5.131650107605666,0.0288467406436053,cluster_center,False
C32_FRESH_010,Fresh,5.3594010106886,0.0314989340589736,cluster_center,False
C32_FRESH_011,Fresh,5.672882449962511,0.0294880434833062,cluster_center,False
C32_FRESH_012,Fresh,5.698862524643729,0.0338895540306209,cluster_center,False
C32_FRESH_013,Fresh,5.8390103875616,0.0317477236943569,cluster_center,False
C32_FRESH_014,Fresh,6.029670329714637,0.0360991295954087,cluster_center,False
C32_FRESH_015,Fresh,6.140550952391234,0.0336844971727315,cluster_center,False
C32_FRESH_016,Fresh,6.271193897698095,0.0315259400745796,cluster_center,False
C32_FRESH_017,Fresh,6.3934502066656025,0.0353601329323178,cluster_center,False
C32_FRESH_018,Fresh,6.441763482361078,0.0379651402450739,cluster_center,False
C32_FRESH_019,Fresh,6.618211362388115,0.0335504018958394,cluster_center,False
C32_FRESH_020,Fresh,6.653703703703704,0.0464259259259259,observed_average_extreme,False
C32_FRESH_021,Fresh,6.70561683936497,0.0362461239858133,cluster_center,False
C32_FRESH_022,Fresh,6.792245422798795,0.0398670290734939,cluster_center,False
C32_FRESH_023,Fresh,6.982101073199826,0.037628234579399,cluster_center,False
C32_FRESH_024,Fresh,7.033122716761075,0.0349462994079387,cluster_center,False
C32_FRESH_025,Fresh,7.163560613635623,0.0418491721240093,cluster_center,False
C32_FRESH_026,Fresh,7.286572913189524,0.0392571655901656,cluster_center,False
C32_FRESH_027,Fresh,7.4100618751277,0.0366435144427369,cluster_center,False
C32_FRESH_028,Fresh,7.612257657171121,0.0409963177535013,cluster_center,False
C32_FRESH_029,Fresh,7.631071917757336,0.0439771815567177,cluster_center,False
C32_FRESH_030,Fresh,7.733627734102322,0.0385319355628249,cluster_center,False
C32_FRESH_031,Fresh,8.026148968733482,0.0419493277456676,cluster_center,False
C32_FRESH_032,Fresh,8.154405541562355,0.0471058219442367,cluster_center,False
C32_FRESH_033,Fresh,8.211035026067682,0.0395789050377804,cluster_center,False
C32_FRESH_034,Fresh,8.242287603161655,0.0441176689098947,cluster_center,False
C32_FRESH_035,Fresh,8.601282051282052,0.0344487179487179,observed_average_extreme,False
C32_FRESH_036,Fresh,8.694474328432438,0.0422826866655891,cluster_center,False
C32_FRESH_037,Fresh,8.75593534946508,0.0456599468648069,cluster_center,False
C32_FRESH_038,Fresh,8.922135834893451,0.0494038911886208,cluster_center,False
C32_FRESH_039,Fresh,9.441681942998848,0.0458472571421902,cluster_center,False
C32_FRESH_040,Fresh,9.653333333333334,0.0618,observed_average_extreme,False
C32_FRESH_041,Fresh,9.81532224695634,0.0505008199385541,cluster_center,False
C32_FRESH_042,Fresh,10.660032347184492,0.0545948476135487,cluster_center,False
C32_FRESH_043,Fresh,11.075510204081631,0.0670204081632653,observed_average_extreme,False
C32_FRESH_044,Fresh,12.237037037037036,0.0512962962962963,observed_average_extreme,False
C32_FRESH_045,Fresh,13.038461538461538,0.0623076923076923,observed_average_extreme,False
C32_FRESH_046,Fresh,13.2,0.0647142857142857,observed_average_extreme,False
ADAPT_STYLE_272,Style,10.898039215686271,0.207156862745098,adaptive_observed_order_average,False
ADAPT_STYLE_273,Style,18.73888888888889,0.3313888888888889,adaptive_observed_order_average,False
C32_STYLE_001,Style,7.563095238095237,0.1499285714285714,observed_average_extreme,False
C32_STYLE_002,Style,8.979310344827585,0.1493448275862069,observed_average_extreme,False
C32_STYLE_003,Style,10.09199954064542,0.169927695239987,cluster_center,False
C32_STYLE_004,Style,11.021980144830527,0.1858959480587138,cluster_center,False
C32_STYLE_005,Style,11.242857142857142,0.2428,observed_average_extreme,False
C32_STYLE_006,Style,11.2696,0.163656,observed_average_extreme,False
C32_STYLE_007,Style,11.653298773817436,0.2046814970855245,cluster_center,False
C32_STYLE_008,Style,12.1835193053799,0.1914992610819013,cluster_center,False
C32_STYLE_009,Style,12.272923171709222,0.2203230424043032,cluster_center,False
C32_STYLE_010,Style,12.65099814080708,0.2073866256347255,cluster_center,False
C32_STYLE_011,Style,13.04375,0.1748125,observed_average_extreme,False
C32_STYLE_012,Style,13.227985467724476,0.2340625451892966,cluster_center,False
C32_STYLE_013,Style,13.24878048780488,0.1771463414634146,observed_average_extreme,False
C32_STYLE_014,Style,13.309028465568309,0.2182456764344668,cluster_center,False
C32_STYLE_015,Style,13.342623901903986,0.1990556086813111,cluster_center,False
C32_STYLE_016,Style,14.02,0.2843,observed_average_extreme,False
C32_STYLE_017,Style,14.032725878159829,0.2496338725921966,cluster_center,False
C32_STYLE_018,Style,14.047185919790111,0.2293960535832032,cluster_center,False
C32_STYLE_019,Style,14.12913626838775,0.2137444862249133,cluster_center,False
C32_STYLE_020,Style,14.807518549427842,0.2363595627356122,cluster_center,False
C32_STYLE_021,Style,14.89591648880678,0.2501751995401092,cluster_center,False
C32_STYLE_022,Style,14.949131910581844,0.2229117997550644,cluster_center,False
C32_STYLE_023,Style,15.335381121727528,0.267420537675984,cluster_center,False
C32_STYLE_024,Style,15.666642393290967,0.2483424617207183,cluster_center,False
C32_STYLE_025,Style,15.809321216712572,0.2324513721180297,cluster_center,False
C32_STYLE_026,Style,16.113528620410786,0.2816342282639987,cluster_center,False
C32_STYLE_027,Style,16.250579893209615,0.2575524892393132,cluster_center,False
C32_STYLE_028,Style,16.375,0.2129375,observed_average_extreme,False
C32_STYLE_029,Style,16.70872938969154,0.2702167088912471,cluster_center,False
C32_STYLE_030,Style,16.71935975550959,0.2427554247877443,cluster_center,False
C32_STYLE_031,Style,17.29343373907747,0.257447620690107,cluster_center,False
C32_STYLE_032,Style,17.419051687974243,0.2832961069024168,cluster_center,False
C32_STYLE_033,Style,17.483018867924528,0.3301509433962264,observed_average_extreme,False
C32_STYLE_034,Style,17.48334737118827,0.3033891221312463,cluster_center,False
C32_STYLE_035,Style,18.16370988245401,0.2670396518786684,cluster_center,False
C32_STYLE_036,Style,18.507720763939787,0.2882078169175271,cluster_center,False
C32_STYLE_037,Style,19.15219787876223,0.305110164855399,cluster_center,False
C32_STYLE_038,Style,19.45558959443352,0.2774456294122818,cluster_center,False
C32_STYLE_039,Style,19.700960944116872,0.3254052009197912,cluster_center,False
C32_STYLE_040,Style,20.01176470588236,0.2566470588235294,observed_average_extreme,False
C32_STYLE_041,Style,20.82331259529476,0.3033192282251487,cluster_center,False
C32_STYLE_042,Style,21.716666666666665,0.2858333333333333,observed_average_extreme,False
C32_STYLE_043,Style,22.18636363636364,0.3769545454545454,observed_average_extreme,False
C32_STYLE_044,Style,22.516623765349987,0.3516182916117699,cluster_center,False
C32_STYLE_045,Style,25.2,0.3584,observed_average_extreme,False
ADAPT_TECH_274,Tech,243.55,0.6565,adaptive_observed_order_average,False
ADAPT_TECH_275,Tech,259.2,0.7005,adaptive_observed_order_average,False
ADAPT_TECH_276,Tech,152.5,0.627,adaptive_observed_order_average,False
ADAPT_TECH_277,Tech,281.4,1.07,adaptive_observed_order_average,False
ADAPT_TECH_278,Tech,199.4,0.8035,adaptive_observed_order_average,False
ADAPT_TECH_279,Tech,269.35,1.026,adaptive_observed_order_average,False
ADAPT_TECH_280,Tech,265.775,0.708,adaptive_observed_order_average,False
C32_TECH_001,Tech,57.8,0.18,observed_single_unit,False
C32_TECH_002,Tech,68.8,0.238,observed_single_unit,False
C32_TECH_003,Tech,74.4,0.256,observed_single_unit,False
C32_TECH_004,Tech,75.2,0.229,observed_single_unit,False
C32_TECH_005,Tech,83.35,0.2659999999999999,cluster_center,False
C32_TECH_006,Tech,83.4,0.256,observed_single_unit,False
C32_TECH_007,Tech,84.7,0.28,observed_single_unit,False
C32_TECH_008,Tech,90.7,0.286,observed_single_unit,False
C32_TECH_009,Tech,98.2,0.34,observed_single_unit,False
C32_TECH_010,Tech,98.7,0.346,observed_single_unit,False
C32_TECH_011,Tech,98.8,0.316,observed_single_unit,False
C32_TECH_012,Tech,99.0,0.303,observed_single_unit,False
C32_TECH_013,Tech,100.7,0.316,observed_single_unit,False
C32_TECH_014,Tech,101.5,0.333,observed_single_unit,False
C32_TECH_015,Tech,101.7,0.356,observed_single_unit,False
C32_TECH_016,Tech,102.6,0.366,observed_single_unit,False
C32_TECH_017,Tech,103.1,0.35,observed_single_unit,False
C32_TECH_018,Tech,108.4,0.369,observed_single_unit,False
C32_TECH_019,Tech,108.4,0.382,observed_single_unit,False
C32_TECH_020,Tech,110.2,0.379,observed_single_unit,False
C32_TECH_021,Tech,111.7,0.385,observed_single_unit,False
C32_TECH_022,Tech,112.0,0.349,observed_single_unit,False
C32_TECH_023,Tech,113.7,0.419,observed_single_unit,False
C32_TECH_024,Tech,114.1,0.366,observed_single_unit,False
C32_TECH_025,Tech,114.3,0.413,observed_single_unit,False
C32_TECH_026,Tech,114.6,0.42,observed_single_unit,False
C32_TECH_027,Tech,115.42999999999998,0.3820333333333332,cluster_center,False
C32_TECH_028,Tech,115.6,0.368,observed_single_unit,False
C32_TECH_029,Tech,116.7,0.353,observed_single_unit,False
C32_TECH_030,Tech,118.3,0.404,observed_single_unit,False
C32_TECH_031,Tech,119.1,0.38,observed_single_unit,False
C32_TECH_032,Tech,119.7,0.391,observed_single_unit,False
C32_TECH_033,Tech,120.0,0.388,observed_single_unit,False
C32_TECH_034,Tech,122.0,0.337,observed_single_unit,False
C32_TECH_035,Tech,123.3,0.408,observed_single_unit,False
C32_TECH_036,Tech,125.7,0.432,observed_single_unit,False
C32_TECH_037,Tech,126.4,0.427,observed_single_unit,False
C32_TECH_038,Tech,127.5,0.407,observed_single_unit,False
C32_TECH_039,Tech,128.6,0.376,observed_single_unit,False
C32_TECH_040,Tech,128.8,0.426,observed_single_unit,False
C32_TECH_041,Tech,129.5,0.37,observed_single_unit,False
C32_TECH_042,Tech,131.3,0.473,observed_single_unit,False
C32_TECH_043,Tech,132.5,0.461,observed_single_unit,False
C32_TECH_044,Tech,134.1,0.469,observed_single_unit,False
C32_TECH_045,Tech,134.9,0.484,observed_single_unit,False
C32_TECH_046,Tech,135.0,0.479,observed_single_unit,False
C32_TECH_047,Tech,138.3,0.522,observed_single_unit,False
C32_TECH_048,Tech,139.5,0.461,observed_single_unit,False
C32_TECH_049,Tech,140.6,0.466,observed_single_unit,False
C32_TECH_050,Tech,140.7929827854437,0.4825742525703462,cluster_center,False
C32_TECH_051,Tech,141.6,0.514,observed_single_unit,False
C32_TECH_052,Tech,142.6,0.415,observed_single_unit,False
C32_TECH_053,Tech,143.0,0.45,observed_single_unit,False
C32_TECH_054,Tech,143.5,0.497,observed_single_unit,False
C32_TECH_055,Tech,143.9,0.476,observed_single_unit,False
C32_TECH_056,Tech,145.3,0.461,observed_single_unit,False
C32_TECH_057,Tech,145.8,0.495,observed_single_unit,False
C32_TECH_058,Tech,147.79999999999998,0.623,observed_average_extreme,False
C32_TECH_059,Tech,149.4,0.471,observed_single_unit,False
C32_TECH_060,Tech,151.0,0.516,observed_single_unit,False
C32_TECH_061,Tech,154.42667962423064,0.537575882734046,cluster_center,False
C32_TECH_062,Tech,154.5,0.518,observed_single_unit,False
C32_TECH_063,Tech,154.8,0.476,observed_single_unit,False
C32_TECH_064,Tech,155.4,0.528,observed_single_unit,False
C32_TECH_065,Tech,155.6,0.548,observed_single_unit,False
C32_TECH_066,Tech,158.6,0.532,observed_single_unit,False
C32_TECH_067,Tech,162.1405104953526,0.5976951659743766,cluster_center,False
C32_TECH_068,Tech,163.8,0.53,observed_single_unit,False
C32_TECH_069,Tech,165.4,0.484,observed_single_unit,False
C32_TECH_070,Tech,165.6,0.511,observed_single_unit,False
C32_TECH_071,Tech,167.0,0.583,observed_single_unit,False
C32_TECH_072,Tech,169.9661402116402,0.5484221957671958,cluster_center,False
C32_TECH_073,Tech,170.2,0.639,observed_single_unit,False
C32_TECH_074,Tech,174.5,0.54,observed_single_unit,False
C32_TECH_075,Tech,174.7,0.576,observed_single_unit,False
C32_TECH_076,Tech,175.2,0.623,observed_single_unit,False
C32_TECH_077,Tech,175.5,0.556,observed_single_unit,False
C32_TECH_078,Tech,176.3,0.545,observed_single_unit,False
C32_TECH_079,Tech,177.84775315953885,0.5882110342038914,cluster_center,False
C32_TECH_080,Tech,178.35005348290736,0.6335924727318569,cluster_center,False
C32_TECH_081,Tech,179.2,0.582,observed_single_unit,False
C32_TECH_082,Tech,179.8,0.567,observed_single_unit,False
C32_TECH_083,Tech,180.7,0.69,observed_single_unit,False
C32_TECH_084,Tech,183.6,0.708,observed_single_unit,False
C32_TECH_085,Tech,183.8,0.598,observed_single_unit,False
C32_TECH_086,Tech,186.4,0.654,observed_single_unit,False
C32_TECH_087,Tech,186.6,0.645,observed_single_unit,False
C32_TECH_088,Tech,188.9872686278368,0.6659568386358459,cluster_center,False
C32_TECH_089,Tech,189.8,0.627,observed_single_unit,False
C32_TECH_090,Tech,192.2,0.572,observed_single_unit,False
C32_TECH_091,Tech,192.31978612591115,0.6108847355884856,cluster_center,False
C32_TECH_092,Tech,192.5,0.68,observed_single_unit,False
C32_TECH_093,Tech,193.88935310876488,0.7183276275467452,cluster_center,False
C32_TECH_094,Tech,197.66,0.834,observed_average_extreme,False
C32_TECH_095,Tech,201.1,0.699,observed_single_unit,False
C32_TECH_096,Tech,202.7,0.682,observed_single_unit,False
C32_TECH_097,Tech,204.2737861471861,0.6844360704850705,cluster_center,False
C32_TECH_098,Tech,204.5882407572586,0.6398780444753659,cluster_center,False
C32_TECH_099,Tech,207.3059725965858,0.771252897574124,cluster_center,False
C32_TECH_100,Tech,207.4,0.794,observed_single_unit,False
C32_TECH_101,Tech,208.2,0.699,observed_single_unit,False
C32_TECH_102,Tech,211.5,0.72,observed_single_unit,False
C32_TECH_103,Tech,213.5010018645148,0.7187896601482807,cluster_center,False
C32_TECH_104,Tech,216.6,0.669,observed_single_unit,False
C32_TECH_105,Tech,219.18845667636447,0.6709036547808915,cluster_center,False
C32_TECH_106,Tech,221.5,0.766,observed_single_unit,False
C32_TECH_107,Tech,223.8237122214205,0.7606785647480091,cluster_center,False
C32_TECH_108,Tech,224.5,0.803,observed_single_unit,False
C32_TECH_109,Tech,227.3,0.849,observed_single_unit,False
C32_TECH_110,Tech,230.67781155303032,0.8108544426406926,cluster_center,False
C32_TECH_111,Tech,232.0567715419501,0.7079754365079365,cluster_center,False
C32_TECH_112,Tech,233.5,0.693,observed_single_unit,False
C32_TECH_113,Tech,238.0,0.761,observed_single_unit,False
C32_TECH_114,Tech,238.6,0.754,observed_single_unit,False
C32_TECH_115,Tech,238.7,0.674,observed_single_unit,False
C32_TECH_116,Tech,239.6,0.764,observed_single_unit,False
C32_TECH_117,Tech,240.65781213835672,0.7565604789050334,cluster_center,False
C32_TECH_118,Tech,241.1,0.734,observed_single_unit,False
C32_TECH_119,Tech,241.8,0.852,observed_single_unit,False
C32_TECH_120,Tech,245.00408977838083,0.8682003392130258,cluster_center,False
C32_TECH_121,Tech,246.3,0.824,observed_single_unit,False
C32_TECH_122,Tech,248.3,0.811,observed_single_unit,False
C32_TECH_123,Tech,248.37225840336137,0.808397745888989,cluster_center,False
C32_TECH_124,Tech,249.7,0.801,observed_single_unit,False
C32_TECH_125,Tech,251.2,0.863,observed_single_unit,False
C32_TECH_126,Tech,258.7,0.869,observed_single_unit,False
C32_TECH_127,Tech,259.8,0.861,observed_single_unit,False
C32_TECH_128,Tech,261.7488253968254,0.7758880853174603,cluster_center,False
C32_TECH_129,Tech,265.7,0.852,observed_single_unit,False
C32_TECH_130,Tech,265.7,0.914,observed_single_unit,False
C32_TECH_131,Tech,266.2302632905014,0.8566612118921642,cluster_center,False
C32_TECH_132,Tech,268.06666666666666,0.6970000000000001,observed_average_extreme,False
C32_TECH_133,Tech,272.1,0.911,observed_single_unit,False
C32_TECH_134,Tech,273.0,0.862,observed_single_unit,False
C32_TECH_135,Tech,274.8,0.954,observed_single_unit,False
C32_TECH_136,Tech,275.3444618055556,0.9331717013888888,cluster_center,False
C32_TECH_137,Tech,279.9,0.899,observed_single_unit,False
C32_TECH_138,Tech,282.3,0.95,observed_single_unit,False
C32_TECH_139,Tech,283.1,1.004,observed_single_unit,False
C32_TECH_140,Tech,288.9,0.908,observed_single_unit,False
C32_TECH_141,Tech,290.09208333333333,1.0278625,cluster_center,False
C32_TECH_142,Tech,291.0,0.989,observed_single_unit,False
C32_TECH_143,Tech,292.09645320197046,0.8786280240831965,cluster_center,False
C32_TECH_144,Tech,295.1,1.074,observed_single_unit,False
C32_TECH_145,Tech,295.7,1.122,observed_single_unit,False
C32_TECH_146,Tech,298.9,1.032,observed_single_unit,False
C32_TECH_147,Tech,302.6,0.961,observed_single_unit,False
C32_TECH_148,Tech,310.72710456210456,0.9638119796869796,cluster_center,False
C32_TECH_149,Tech,313.5,1.129,observed_single_unit,False
C32_TECH_150,Tech,315.4,0.991,observed_single_unit,False
C32_TECH_151,Tech,319.7,1.014,observed_single_unit,False
C32_TECH_152,Tech,329.1,1.174,observed_single_unit,False
C32_TECH_153,Tech,332.2,1.045,observed_single_unit,False
C32_TECH_154,Tech,333.3,1.104,observed_single_unit,False
C32_TECH_155,Tech,334.6,1.146,observed_single_unit,False
C32_TECH_156,Tech,336.5,1.172,observed_single_unit,False
C32_TECH_157,Tech,337.69,1.1094666666666666,cluster_center,False
C32_TECH_158,Tech,341.8,1.056,observed_single_unit,False
C32_TECH_159,Tech,346.6,1.045,observed_single_unit,False
C32_TECH_160,Tech,347.65000000000003,1.2555,cluster_center,False
C32_TECH_161,Tech,350.6,1.307,observed_single_unit,False
C32_TECH_162,Tech,351.9,1.128,observed_single_unit,False
C32_TECH_163,Tech,353.1,1.271,observed_single_unit,False
C32_TECH_164,Tech,389.3,1.302,observed_single_unit,False
C32_TECH_165,Tech,394.9,1.096,observed_single_unit,False
C32_TECH_166,Tech,402.0,1.152,observed_single_unit,False
C32_TECH_167,Tech,403.775,1.20375,cluster_center,False
C32_TECH_168,Tech,428.9,1.265,observed_single_unit,False
C32_TECH_169,Tech,439.3,1.479,observed_single_unit,False
C32_TECH_170,Tech,454.75,1.4765,cluster_center,False
C32_TECH_171,Tech,470.2,1.474,observed_single_unit,False
